text,sentiment
This product is amazing! I love it so much.,positive
Terrible quality. Waste of money.,negative
Great service and fast delivery.,positive
The worst purchase I've ever made.,negative
Absolutely wonderful experience!,positive
Poor customer support and broken item.,negative
Highly recommend this product!,positive
Not worth the price at all.,negative
Exceeded my expectations completely.,positive
Defective product arrived damaged.,negative
Best value for money.,positive
Complete disappointment with this company.,negative
Excellent quality and great customer service.,positive
Total waste of time and money.,negative
Would definitely buy again!,positive
Very good experience overall.,positive
I really liked this product.,positive
Fantastic quality and reliable.,positive
Superb customer service experience.,positive
Outstanding product performance.,positive
Worst item I have purchased.,negative
Extremely disappointed with quality.,negative
Horrible experience with support.,negative
Very bad product quality.,negative
Absolutely terrible purchase decision.,negative
The product is okay.,neutral
Average item nothing special.,neutral
It works fine nothing more.,neutral
Standard product typical results.,neutral
Meets basic expectations only.,neutral
Decent enough for the price.,neutral
Reasonable purchase overall.,neutral
Not bad but not great.,neutral
